,wԍ,x,O,oꐔ,1,2,3,4,5,A^bNŐ,A^bN_,A^bN_,A^bN藦,A^bNʗ,A^bNZbg,obNA^bNŐ,obNA^bN_,obNA^bN_,obNA^bN藦,ubN_,ubNZbg,T[uŐ,T[u_,T[u_,T[u,T[uʗ,,T[uV[uED,T[uV[uE,T[uV[u
10,6,,R핋M,2,0,0,0,0,0,0,0,0,,,0.0,0,0,0,,0,0.0,0,0,0,0,,0,0,0,
11,6,,R핋M,6,0,0,0,0,0,3,3,0,100.0,100.0,0.5,0,0,0,,0,0.0,5,0,3,1,-10.0,1,0,0,0.0
12,6,,R핋M,0,0,0,0,0,0,0,0,0,,,,0,0,0,,0,,0,0,0,0,,0,0,0,
01,6,,R핋M,4,0,0,0,0,0,1,1,0,100.0,100.0,0.25,0,0,0,,0,0.0,3,0,2,0,-16.666666666666668,0,0,0,
11,6,,R핋M,9,0,0,1,1,1,19,13,2,68.42105263157895,57.89473684210527,2.111111111111111,0,0,0,,2,0.2222222222222222,18,1,7,1,-2.7777777777777777,2,0,2,50.0
